{"cameraMode":{"drawMode":2,"name":"Shaded Wireframe","section":"Shading Mode"},"sceneLighting":false,"audioPlay":false,"sceneViewState":{"m_AlwaysRefresh":false,"showFog":true,"showSkybox":false,"showFlares":true,"showImageEffects":true,"showParticleSystems":true,"showVisualEffectGraphs":true,"m_FxEnabled":true},"in2DMode":false,"pivot":{"x":0.00012323260307312012,"y":0.6342078447341919,"z":0.00023484230041503906},"rotation":{"x":0.15406417846679688,"y":0.463309109210968,"z":-0.08215591311454773,"w":0.8688281178474426},"size":1.0444177389144898,"orthographic":false}