{"cameraMode":{"drawMode":2,"name":"Shaded Wireframe","section":"Shading Mode"},"sceneLighting":true,"audioPlay":false,"sceneViewState":{"m_AlwaysRefresh":false,"showFog":true,"showSkybox":true,"showFlares":true,"showImageEffects":true,"showParticleSystems":true,"showVisualEffectGraphs":true,"m_FxEnabled":true},"in2DMode":false,"pivot":{"x":11.930005073547364,"y":0.5049688220024109,"z":0.00000924617052078247},"rotation":{"x":0.15406417846679688,"y":0.463309109210968,"z":-0.08215591311454773,"w":0.8688281178474426},"size":11.618001937866211,"orthographic":false}